DATETIMESTAMP,DATE_SQL,DATETIME_SAP,DATE_SAP,YEAR,QUARTER,MONTH,WEEK,WEEK_YEAR,DAY_OF_WEEK,DAY,HOUR,MINUTE,SECOND,CALQUARTER,CALMONTH,CALWEEK,YEAR_INT,QUARTER_INT,MONTH_INT,WEEK_INT,WEEK_YEAR_INT,DAY_OF_WEEK_INT,DAY_INT,HOUR_INT,MINUTE_INT,SECOND_INT,MONTH_LAST_DAY,TZNTSTMPS,TZNTSTMPL
9999-12-31 00:00:00.000000000,9999-12-31,99991231000000,99991231,9999,04,12,52,9999,04,31,00,00,00,99994,999912,999952,9999,4,12,52,9999,4,31,0,0,0,1,99991231000000,99991231000000.0000000
2026-01-01 00:00:00.000000000,2026-01-01,20260101000000,20260101,2026,01,01,01,2026,03,01,00,00,00,20261,202601,202601,2026,1,1,1,2026,3,1,0,0,0,0,20260101000000,20260101000000.0000000
2026-01-02 00:00:00.000000000,2026-01-02,20260102000000,20260102,2026,01,01,01,2026,04,02,00,00,00,20261,202601,202601,2026,1,1,1,2026,4,2,0,0,0,0,20260102000000,20260102000000.0000000
2026-01-03 00:00:00.000000000,2026-01-03,20260103000000,20260103,2026,01,01,01,2026,05,03,00,00,00,20261,202601,202601,2026,1,1,1,2026,5,3,0,0,0,0,20260103000000,20260103000000.0000000
2026-01-04 00:00:00.000000000,2026-01-04,20260104000000,20260104,2026,01,01,01,2026,06,04,00,00,00,20261,202601,202601,2026,1,1,1,2026,6,4,0,0,0,0,20260104000000,20260104000000.0000000
2026-01-05 00:00:00.000000000,2026-01-05,20260105000000,20260105,2026,01,01,02,2026,00,05,00,00,00,20261,202601,202602,2026,1,1,2,2026,0,5,0,0,0,0,20260105000000,20260105000000.0000000
2026-01-06 00:00:00.000000000,2026-01-06,20260106000000,20260106,2026,01,01,02,2026,01,06,00,00,00,20261,202601,202602,2026,1,1,2,2026,1,6,0,0,0,0,20260106000000,20260106000000.0000000
2026-01-07 00:00:00.000000000,2026-01-07,20260107000000,20260107,2026,01,01,02,2026,02,07,00,00,00,20261,202601,202602,2026,1,1,2,2026,2,7,0,0,0,0,20260107000000,20260107000000.0000000
2026-01-08 00:00:00.000000000,2026-01-08,20260108000000,20260108,2026,01,01,02,2026,03,08,00,00,00,20261,202601,202602,2026,1,1,2,2026,3,8,0,0,0,0,20260108000000,20260108000000.0000000
2026-01-09 00:00:00.000000000,2026-01-09,20260109000000,20260109,2026,01,01,02,2026,04,09,00,00,00,20261,202601,202602,2026,1,1,2,2026,4,9,0,0,0,0,20260109000000,20260109000000.0000000
2026-01-10 00:00:00.000000000,2026-01-10,20260110000000,20260110,2026,01,01,02,2026,05,10,00,00,00,20261,202601,202602,2026,1,1,2,2026,5,10,0,0,0,0,20260110000000,20260110000000.0000000
2026-01-11 00:00:00.000000000,2026-01-11,20260111000000,20260111,2026,01,01,02,2026,06,11,00,00,00,20261,202601,202602,2026,1,1,2,2026,6,11,0,0,0,0,20260111000000,20260111000000.0000000
2026-01-12 00:00:00.000000000,2026-01-12,20260112000000,20260112,2026,01,01,03,2026,00,12,00,00,00,20261,202601,202603,2026,1,1,3,2026,0,12,0,0,0,0,20260112000000,20260112000000.0000000
2026-01-13 00:00:00.000000000,2026-01-13,20260113000000,20260113,2026,01,01,03,2026,01,13,00,00,00,20261,202601,202603,2026,1,1,3,2026,1,13,0,0,0,0,20260113000000,20260113000000.0000000
2026-01-14 00:00:00.000000000,2026-01-14,20260114000000,20260114,2026,01,01,03,2026,02,14,00,00,00,20261,202601,202603,2026,1,1,3,2026,2,14,0,0,0,0,20260114000000,20260114000000.0000000
2026-01-15 00:00:00.000000000,2026-01-15,20260115000000,20260115,2026,01,01,03,2026,03,15,00,00,00,20261,202601,202603,2026,1,1,3,2026,3,15,0,0,0,0,20260115000000,20260115000000.0000000
2026-01-16 00:00:00.000000000,2026-01-16,20260116000000,20260116,2026,01,01,03,2026,04,16,00,00,00,20261,202601,202603,2026,1,1,3,2026,4,16,0,0,0,0,20260116000000,20260116000000.0000000
2026-01-17 00:00:00.000000000,2026-01-17,20260117000000,20260117,2026,01,01,03,2026,05,17,00,00,00,20261,202601,202603,2026,1,1,3,2026,5,17,0,0,0,0,20260117000000,20260117000000.0000000
2026-01-18 00:00:00.000000000,2026-01-18,20260118000000,20260118,2026,01,01,03,2026,06,18,00,00,00,20261,202601,202603,2026,1,1,3,2026,6,18,0,0,0,0,20260118000000,20260118000000.0000000
2026-01-19 00:00:00.000000000,2026-01-19,20260119000000,20260119,2026,01,01,04,2026,00,19,00,00,00,20261,202601,202604,2026,1,1,4,2026,0,19,0,0,0,0,20260119000000,20260119000000.0000000
2026-01-20 00:00:00.000000000,2026-01-20,20260120000000,20260120,2026,01,01,04,2026,01,20,00,00,00,20261,202601,202604,2026,1,1,4,2026,1,20,0,0,0,0,20260120000000,20260120000000.0000000
2026-01-21 00:00:00.000000000,2026-01-21,20260121000000,20260121,2026,01,01,04,2026,02,21,00,00,00,20261,202601,202604,2026,1,1,4,2026,2,21,0,0,0,0,20260121000000,20260121000000.0000000
2026-01-22 00:00:00.000000000,2026-01-22,20260122000000,20260122,2026,01,01,04,2026,03,22,00,00,00,20261,202601,202604,2026,1,1,4,2026,3,22,0,0,0,0,20260122000000,20260122000000.0000000
2026-01-23 00:00:00.000000000,2026-01-23,20260123000000,20260123,2026,01,01,04,2026,04,23,00,00,00,20261,202601,202604,2026,1,1,4,2026,4,23,0,0,0,0,20260123000000,20260123000000.0000000
2026-01-24 00:00:00.000000000,2026-01-24,20260124000000,20260124,2026,01,01,04,2026,05,24,00,00,00,20261,202601,202604,2026,1,1,4,2026,5,24,0,0,0,0,20260124000000,20260124000000.0000000
2026-01-25 00:00:00.000000000,2026-01-25,20260125000000,20260125,2026,01,01,04,2026,06,25,00,00,00,20261,202601,202604,2026,1,1,4,2026,6,25,0,0,0,0,20260125000000,20260125000000.0000000
2026-01-26 00:00:00.000000000,2026-01-26,20260126000000,20260126,2026,01,01,05,2026,00,26,00,00,00,20261,202601,202605,2026,1,1,5,2026,0,26,0,0,0,0,20260126000000,20260126000000.0000000
2026-01-27 00:00:00.000000000,2026-01-27,20260127000000,20260127,2026,01,01,05,2026,01,27,00,00,00,20261,202601,202605,2026,1,1,5,2026,1,27,0,0,0,0,20260127000000,20260127000000.0000000
2026-01-28 00:00:00.000000000,2026-01-28,20260128000000,20260128,2026,01,01,05,2026,02,28,00,00,00,20261,202601,202605,2026,1,1,5,2026,2,28,0,0,0,0,20260128000000,20260128000000.0000000
2026-01-29 00:00:00.000000000,2026-01-29,20260129000000,20260129,2026,01,01,05,2026,03,29,00,00,00,20261,202601,202605,2026,1,1,5,2026,3,29,0,0,0,0,20260129000000,20260129000000.0000000
2026-01-30 00:00:00.000000000,2026-01-30,20260130000000,20260130,2026,01,01,05,2026,04,30,00,00,00,20261,202601,202605,2026,1,1,5,2026,4,30,0,0,0,0,20260130000000,20260130000000.0000000
2026-01-31 00:00:00.000000000,2026-01-31,20260131000000,20260131,2026,01,01,05,2026,05,31,00,00,00,20261,202601,202605,2026,1,1,5,2026,5,31,0,0,0,1,20260131000000,20260131000000.0000000
2026-02-01 00:00:00.000000000,2026-02-01,20260201000000,20260201,2026,01,02,05,2026,06,01,00,00,00,20261,202602,202605,2026,1,2,5,2026,6,1,0,0,0,0,20260201000000,20260201000000.0000000
2026-02-02 00:00:00.000000000,2026-02-02,20260202000000,20260202,2026,01,02,06,2026,00,02,00,00,00,20261,202602,202606,2026,1,2,6,2026,0,2,0,0,0,0,20260202000000,20260202000000.0000000
2026-02-03 00:00:00.000000000,2026-02-03,20260203000000,20260203,2026,01,02,06,2026,01,03,00,00,00,20261,202602,202606,2026,1,2,6,2026,1,3,0,0,0,0,20260203000000,20260203000000.0000000
2026-02-04 00:00:00.000000000,2026-02-04,20260204000000,20260204,2026,01,02,06,2026,02,04,00,00,00,20261,202602,202606,2026,1,2,6,2026,2,4,0,0,0,0,20260204000000,20260204000000.0000000
2026-02-05 00:00:00.000000000,2026-02-05,20260205000000,20260205,2026,01,02,06,2026,03,05,00,00,00,20261,202602,202606,2026,1,2,6,2026,3,5,0,0,0,0,20260205000000,20260205000000.0000000
2026-02-06 00:00:00.000000000,2026-02-06,20260206000000,20260206,2026,01,02,06,2026,04,06,00,00,00,20261,202602,202606,2026,1,2,6,2026,4,6,0,0,0,0,20260206000000,20260206000000.0000000
2026-02-07 00:00:00.000000000,2026-02-07,20260207000000,20260207,2026,01,02,06,2026,05,07,00,00,00,20261,202602,202606,2026,1,2,6,2026,5,7,0,0,0,0,20260207000000,20260207000000.0000000
2026-02-08 00:00:00.000000000,2026-02-08,20260208000000,20260208,2026,01,02,06,2026,06,08,00,00,00,20261,202602,202606,2026,1,2,6,2026,6,8,0,0,0,0,20260208000000,20260208000000.0000000
2026-02-09 00:00:00.000000000,2026-02-09,20260209000000,20260209,2026,01,02,07,2026,00,09,00,00,00,20261,202602,202607,2026,1,2,7,2026,0,9,0,0,0,0,20260209000000,20260209000000.0000000
2026-02-10 00:00:00.000000000,2026-02-10,20260210000000,20260210,2026,01,02,07,2026,01,10,00,00,00,20261,202602,202607,2026,1,2,7,2026,1,10,0,0,0,0,20260210000000,20260210000000.0000000
2026-02-11 00:00:00.000000000,2026-02-11,20260211000000,20260211,2026,01,02,07,2026,02,11,00,00,00,20261,202602,202607,2026,1,2,7,2026,2,11,0,0,0,0,20260211000000,20260211000000.0000000
2026-02-12 00:00:00.000000000,2026-02-12,20260212000000,20260212,2026,01,02,07,2026,03,12,00,00,00,20261,202602,202607,2026,1,2,7,2026,3,12,0,0,0,0,20260212000000,20260212000000.0000000
2026-02-13 00:00:00.000000000,2026-02-13,20260213000000,20260213,2026,01,02,07,2026,04,13,00,00,00,20261,202602,202607,2026,1,2,7,2026,4,13,0,0,0,0,20260213000000,20260213000000.0000000
2026-02-14 00:00:00.000000000,2026-02-14,20260214000000,20260214,2026,01,02,07,2026,05,14,00,00,00,20261,202602,202607,2026,1,2,7,2026,5,14,0,0,0,0,20260214000000,20260214000000.0000000
2026-02-15 00:00:00.000000000,2026-02-15,20260215000000,20260215,2026,01,02,07,2026,06,15,00,00,00,20261,202602,202607,2026,1,2,7,2026,6,15,0,0,0,0,20260215000000,20260215000000.0000000
2026-02-16 00:00:00.000000000,2026-02-16,20260216000000,20260216,2026,01,02,08,2026,00,16,00,00,00,20261,202602,202608,2026,1,2,8,2026,0,16,0,0,0,0,20260216000000,20260216000000.0000000
2026-02-17 00:00:00.000000000,2026-02-17,20260217000000,20260217,2026,01,02,08,2026,01,17,00,00,00,20261,202602,202608,2026,1,2,8,2026,1,17,0,0,0,0,20260217000000,20260217000000.0000000
2026-02-18 00:00:00.000000000,2026-02-18,20260218000000,20260218,2026,01,02,08,2026,02,18,00,00,00,20261,202602,202608,2026,1,2,8,2026,2,18,0,0,0,0,20260218000000,20260218000000.0000000
2026-02-19 00:00:00.000000000,2026-02-19,20260219000000,20260219,2026,01,02,08,2026,03,19,00,00,00,20261,202602,202608,2026,1,2,8,2026,3,19,0,0,0,0,20260219000000,20260219000000.0000000
2026-02-20 00:00:00.000000000,2026-02-20,20260220000000,20260220,2026,01,02,08,2026,04,20,00,00,00,20261,202602,202608,2026,1,2,8,2026,4,20,0,0,0,0,20260220000000,20260220000000.0000000
2026-02-21 00:00:00.000000000,2026-02-21,20260221000000,20260221,2026,01,02,08,2026,05,21,00,00,00,20261,202602,202608,2026,1,2,8,2026,5,21,0,0,0,0,20260221000000,20260221000000.0000000
2026-02-22 00:00:00.000000000,2026-02-22,20260222000000,20260222,2026,01,02,08,2026,06,22,00,00,00,20261,202602,202608,2026,1,2,8,2026,6,22,0,0,0,0,20260222000000,20260222000000.0000000
2026-02-23 00:00:00.000000000,2026-02-23,20260223000000,20260223,2026,01,02,09,2026,00,23,00,00,00,20261,202602,202609,2026,1,2,9,2026,0,23,0,0,0,0,20260223000000,20260223000000.0000000
2026-02-24 00:00:00.000000000,2026-02-24,20260224000000,20260224,2026,01,02,09,2026,01,24,00,00,00,20261,202602,202609,2026,1,2,9,2026,1,24,0,0,0,0,20260224000000,20260224000000.0000000
2026-02-25 00:00:00.000000000,2026-02-25,20260225000000,20260225,2026,01,02,09,2026,02,25,00,00,00,20261,202602,202609,2026,1,2,9,2026,2,25,0,0,0,0,20260225000000,20260225000000.0000000
2026-02-26 00:00:00.000000000,2026-02-26,20260226000000,20260226,2026,01,02,09,2026,03,26,00,00,00,20261,202602,202609,2026,1,2,9,2026,3,26,0,0,0,0,20260226000000,20260226000000.0000000
2026-02-27 00:00:00.000000000,2026-02-27,20260227000000,20260227,2026,01,02,09,2026,04,27,00,00,00,20261,202602,202609,2026,1,2,9,2026,4,27,0,0,0,0,20260227000000,20260227000000.0000000
2026-02-28 00:00:00.000000000,2026-02-28,20260228000000,20260228,2026,01,02,09,2026,05,28,00,00,00,20261,202602,202609,2026,1,2,9,2026,5,28,0,0,0,1,20260228000000,20260228000000.0000000
2026-03-01 00:00:00.000000000,2026-03-01,20260301000000,20260301,2026,01,03,09,2026,06,01,00,00,00,20261,202603,202609,2026,1,3,9,2026,6,1,0,0,0,0,20260301000000,20260301000000.0000000
2026-03-02 00:00:00.000000000,2026-03-02,20260302000000,20260302,2026,01,03,10,2026,00,02,00,00,00,20261,202603,202610,2026,1,3,10,2026,0,2,0,0,0,0,20260302000000,20260302000000.0000000
2026-03-03 00:00:00.000000000,2026-03-03,20260303000000,20260303,2026,01,03,10,2026,01,03,00,00,00,20261,202603,202610,2026,1,3,10,2026,1,3,0,0,0,0,20260303000000,20260303000000.0000000
2026-03-04 00:00:00.000000000,2026-03-04,20260304000000,20260304,2026,01,03,10,2026,02,04,00,00,00,20261,202603,202610,2026,1,3,10,2026,2,4,0,0,0,0,20260304000000,20260304000000.0000000
2026-03-05 00:00:00.000000000,2026-03-05,20260305000000,20260305,2026,01,03,10,2026,03,05,00,00,00,20261,202603,202610,2026,1,3,10,2026,3,5,0,0,0,0,20260305000000,20260305000000.0000000
2026-03-06 00:00:00.000000000,2026-03-06,20260306000000,20260306,2026,01,03,10,2026,04,06,00,00,00,20261,202603,202610,2026,1,3,10,2026,4,6,0,0,0,0,20260306000000,20260306000000.0000000
2026-03-07 00:00:00.000000000,2026-03-07,20260307000000,20260307,2026,01,03,10,2026,05,07,00,00,00,20261,202603,202610,2026,1,3,10,2026,5,7,0,0,0,0,20260307000000,20260307000000.0000000
2026-03-08 00:00:00.000000000,2026-03-08,20260308000000,20260308,2026,01,03,10,2026,06,08,00,00,00,20261,202603,202610,2026,1,3,10,2026,6,8,0,0,0,0,20260308000000,20260308000000.0000000
2026-03-09 00:00:00.000000000,2026-03-09,20260309000000,20260309,2026,01,03,11,2026,00,09,00,00,00,20261,202603,202611,2026,1,3,11,2026,0,9,0,0,0,0,20260309000000,20260309000000.0000000
2026-03-10 00:00:00.000000000,2026-03-10,20260310000000,20260310,2026,01,03,11,2026,01,10,00,00,00,20261,202603,202611,2026,1,3,11,2026,1,10,0,0,0,0,20260310000000,20260310000000.0000000
2026-03-11 00:00:00.000000000,2026-03-11,20260311000000,20260311,2026,01,03,11,2026,02,11,00,00,00,20261,202603,202611,2026,1,3,11,2026,2,11,0,0,0,0,20260311000000,20260311000000.0000000
2026-03-12 00:00:00.000000000,2026-03-12,20260312000000,20260312,2026,01,03,11,2026,03,12,00,00,00,20261,202603,202611,2026,1,3,11,2026,3,12,0,0,0,0,20260312000000,20260312000000.0000000
2026-03-13 00:00:00.000000000,2026-03-13,20260313000000,20260313,2026,01,03,11,2026,04,13,00,00,00,20261,202603,202611,2026,1,3,11,2026,4,13,0,0,0,0,20260313000000,20260313000000.0000000
2026-03-14 00:00:00.000000000,2026-03-14,20260314000000,20260314,2026,01,03,11,2026,05,14,00,00,00,20261,202603,202611,2026,1,3,11,2026,5,14,0,0,0,0,20260314000000,20260314000000.0000000
2026-03-15 00:00:00.000000000,2026-03-15,20260315000000,20260315,2026,01,03,11,2026,06,15,00,00,00,20261,202603,202611,2026,1,3,11,2026,6,15,0,0,0,0,20260315000000,20260315000000.0000000
2026-03-16 00:00:00.000000000,2026-03-16,20260316000000,20260316,2026,01,03,12,2026,00,16,00,00,00,20261,202603,202612,2026,1,3,12,2026,0,16,0,0,0,0,20260316000000,20260316000000.0000000
2026-03-17 00:00:00.000000000,2026-03-17,20260317000000,20260317,2026,01,03,12,2026,01,17,00,00,00,20261,202603,202612,2026,1,3,12,2026,1,17,0,0,0,0,20260317000000,20260317000000.0000000
2026-03-18 00:00:00.000000000,2026-03-18,20260318000000,20260318,2026,01,03,12,2026,02,18,00,00,00,20261,202603,202612,2026,1,3,12,2026,2,18,0,0,0,0,20260318000000,20260318000000.0000000
2026-03-19 00:00:00.000000000,2026-03-19,20260319000000,20260319,2026,01,03,12,2026,03,19,00,00,00,20261,202603,202612,2026,1,3,12,2026,3,19,0,0,0,0,20260319000000,20260319000000.0000000
2026-03-20 00:00:00.000000000,2026-03-20,20260320000000,20260320,2026,01,03,12,2026,04,20,00,00,00,20261,202603,202612,2026,1,3,12,2026,4,20,0,0,0,0,20260320000000,20260320000000.0000000
2026-03-21 00:00:00.000000000,2026-03-21,20260321000000,20260321,2026,01,03,12,2026,05,21,00,00,00,20261,202603,202612,2026,1,3,12,2026,5,21,0,0,0,0,20260321000000,20260321000000.0000000
2026-03-22 00:00:00.000000000,2026-03-22,20260322000000,20260322,2026,01,03,12,2026,06,22,00,00,00,20261,202603,202612,2026,1,3,12,2026,6,22,0,0,0,0,20260322000000,20260322000000.0000000
2026-03-23 00:00:00.000000000,2026-03-23,20260323000000,20260323,2026,01,03,13,2026,00,23,00,00,00,20261,202603,202613,2026,1,3,13,2026,0,23,0,0,0,0,20260323000000,20260323000000.0000000
2026-03-24 00:00:00.000000000,2026-03-24,20260324000000,20260324,2026,01,03,13,2026,01,24,00,00,00,20261,202603,202613,2026,1,3,13,2026,1,24,0,0,0,0,20260324000000,20260324000000.0000000
2026-03-25 00:00:00.000000000,2026-03-25,20260325000000,20260325,2026,01,03,13,2026,02,25,00,00,00,20261,202603,202613,2026,1,3,13,2026,2,25,0,0,0,0,20260325000000,20260325000000.0000000
2026-03-26 00:00:00.000000000,2026-03-26,20260326000000,20260326,2026,01,03,13,2026,03,26,00,00,00,20261,202603,202613,2026,1,3,13,2026,3,26,0,0,0,0,20260326000000,20260326000000.0000000
2026-03-27 00:00:00.000000000,2026-03-27,20260327000000,20260327,2026,01,03,13,2026,04,27,00,00,00,20261,202603,202613,2026,1,3,13,2026,4,27,0,0,0,0,20260327000000,20260327000000.0000000
2026-03-28 00:00:00.000000000,2026-03-28,20260328000000,20260328,2026,01,03,13,2026,05,28,00,00,00,20261,202603,202613,2026,1,3,13,2026,5,28,0,0,0,0,20260328000000,20260328000000.0000000
2026-03-29 00:00:00.000000000,2026-03-29,20260329000000,20260329,2026,01,03,13,2026,06,29,00,00,00,20261,202603,202613,2026,1,3,13,2026,6,29,0,0,0,0,20260329000000,20260329000000.0000000
2026-03-30 00:00:00.000000000,2026-03-30,20260330000000,20260330,2026,01,03,14,2026,00,30,00,00,00,20261,202603,202614,2026,1,3,14,2026,0,30,0,0,0,0,20260330000000,20260330000000.0000000
2026-03-31 00:00:00.000000000,2026-03-31,20260331000000,20260331,2026,01,03,14,2026,01,31,00,00,00,20261,202603,202614,2026,1,3,14,2026,1,31,0,0,0,1,20260331000000,20260331000000.0000000
2026-04-01 00:00:00.000000000,2026-04-01,20260401000000,20260401,2026,02,04,14,2026,02,01,00,00,00,20262,202604,202614,2026,2,4,14,2026,2,1,0,0,0,0,20260401000000,20260401000000.0000000
2026-04-02 00:00:00.000000000,2026-04-02,20260402000000,20260402,2026,02,04,14,2026,03,02,00,00,00,20262,202604,202614,2026,2,4,14,2026,3,2,0,0,0,0,20260402000000,20260402000000.0000000
2026-04-03 00:00:00.000000000,2026-04-03,20260403000000,20260403,2026,02,04,14,2026,04,03,00,00,00,20262,202604,202614,2026,2,4,14,2026,4,3,0,0,0,0,20260403000000,20260403000000.0000000
2026-04-04 00:00:00.000000000,2026-04-04,20260404000000,20260404,2026,02,04,14,2026,05,04,00,00,00,20262,202604,202614,2026,2,4,14,2026,5,4,0,0,0,0,20260404000000,20260404000000.0000000
2026-04-05 00:00:00.000000000,2026-04-05,20260405000000,20260405,2026,02,04,14,2026,06,05,00,00,00,20262,202604,202614,2026,2,4,14,2026,6,5,0,0,0,0,20260405000000,20260405000000.0000000
2026-04-06 00:00:00.000000000,2026-04-06,20260406000000,20260406,2026,02,04,15,2026,00,06,00,00,00,20262,202604,202615,2026,2,4,15,2026,0,6,0,0,0,0,20260406000000,20260406000000.0000000
2026-04-07 00:00:00.000000000,2026-04-07,20260407000000,20260407,2026,02,04,15,2026,01,07,00,00,00,20262,202604,202615,2026,2,4,15,2026,1,7,0,0,0,0,20260407000000,20260407000000.0000000
2026-04-08 00:00:00.000000000,2026-04-08,20260408000000,20260408,2026,02,04,15,2026,02,08,00,00,00,20262,202604,202615,2026,2,4,15,2026,2,8,0,0,0,0,20260408000000,20260408000000.0000000
2026-04-09 00:00:00.000000000,2026-04-09,20260409000000,20260409,2026,02,04,15,2026,03,09,00,00,00,20262,202604,202615,2026,2,4,15,2026,3,9,0,0,0,0,20260409000000,20260409000000.0000000
2026-04-10 00:00:00.000000000,2026-04-10,20260410000000,20260410,2026,02,04,15,2026,04,10,00,00,00,20262,202604,202615,2026,2,4,15,2026,4,10,0,0,0,0,20260410000000,20260410000000.0000000
2026-04-11 00:00:00.000000000,2026-04-11,20260411000000,20260411,2026,02,04,15,2026,05,11,00,00,00,20262,202604,202615,2026,2,4,15,2026,5,11,0,0,0,0,20260411000000,20260411000000.0000000
2026-04-12 00:00:00.000000000,2026-04-12,20260412000000,20260412,2026,02,04,15,2026,06,12,00,00,00,20262,202604,202615,2026,2,4,15,2026,6,12,0,0,0,0,20260412000000,20260412000000.0000000
2026-04-13 00:00:00.000000000,2026-04-13,20260413000000,20260413,2026,02,04,16,2026,00,13,00,00,00,20262,202604,202616,2026,2,4,16,2026,0,13,0,0,0,0,20260413000000,20260413000000.0000000
2026-04-14 00:00:00.000000000,2026-04-14,20260414000000,20260414,2026,02,04,16,2026,01,14,00,00,00,20262,202604,202616,2026,2,4,16,2026,1,14,0,0,0,0,20260414000000,20260414000000.0000000
2026-04-15 00:00:00.000000000,2026-04-15,20260415000000,20260415,2026,02,04,16,2026,02,15,00,00,00,20262,202604,202616,2026,2,4,16,2026,2,15,0,0,0,0,20260415000000,20260415000000.0000000
2026-04-16 00:00:00.000000000,2026-04-16,20260416000000,20260416,2026,02,04,16,2026,03,16,00,00,00,20262,202604,202616,2026,2,4,16,2026,3,16,0,0,0,0,20260416000000,20260416000000.0000000
2026-04-17 00:00:00.000000000,2026-04-17,20260417000000,20260417,2026,02,04,16,2026,04,17,00,00,00,20262,202604,202616,2026,2,4,16,2026,4,17,0,0,0,0,20260417000000,20260417000000.0000000
2026-04-18 00:00:00.000000000,2026-04-18,20260418000000,20260418,2026,02,04,16,2026,05,18,00,00,00,20262,202604,202616,2026,2,4,16,2026,5,18,0,0,0,0,20260418000000,20260418000000.0000000
2026-04-19 00:00:00.000000000,2026-04-19,20260419000000,20260419,2026,02,04,16,2026,06,19,00,00,00,20262,202604,202616,2026,2,4,16,2026,6,19,0,0,0,0,20260419000000,20260419000000.0000000
2026-04-20 00:00:00.000000000,2026-04-20,20260420000000,20260420,2026,02,04,17,2026,00,20,00,00,00,20262,202604,202617,2026,2,4,17,2026,0,20,0,0,0,0,20260420000000,20260420000000.0000000
2026-04-21 00:00:00.000000000,2026-04-21,20260421000000,20260421,2026,02,04,17,2026,01,21,00,00,00,20262,202604,202617,2026,2,4,17,2026,1,21,0,0,0,0,20260421000000,20260421000000.0000000
2026-04-22 00:00:00.000000000,2026-04-22,20260422000000,20260422,2026,02,04,17,2026,02,22,00,00,00,20262,202604,202617,2026,2,4,17,2026,2,22,0,0,0,0,20260422000000,20260422000000.0000000
2026-04-23 00:00:00.000000000,2026-04-23,20260423000000,20260423,2026,02,04,17,2026,03,23,00,00,00,20262,202604,202617,2026,2,4,17,2026,3,23,0,0,0,0,20260423000000,20260423000000.0000000
2026-04-24 00:00:00.000000000,2026-04-24,20260424000000,20260424,2026,02,04,17,2026,04,24,00,00,00,20262,202604,202617,2026,2,4,17,2026,4,24,0,0,0,0,20260424000000,20260424000000.0000000
2026-04-25 00:00:00.000000000,2026-04-25,20260425000000,20260425,2026,02,04,17,2026,05,25,00,00,00,20262,202604,202617,2026,2,4,17,2026,5,25,0,0,0,0,20260425000000,20260425000000.0000000
2026-04-26 00:00:00.000000000,2026-04-26,20260426000000,20260426,2026,02,04,17,2026,06,26,00,00,00,20262,202604,202617,2026,2,4,17,2026,6,26,0,0,0,0,20260426000000,20260426000000.0000000
2026-04-27 00:00:00.000000000,2026-04-27,20260427000000,20260427,2026,02,04,18,2026,00,27,00,00,00,20262,202604,202618,2026,2,4,18,2026,0,27,0,0,0,0,20260427000000,20260427000000.0000000
2026-04-28 00:00:00.000000000,2026-04-28,20260428000000,20260428,2026,02,04,18,2026,01,28,00,00,00,20262,202604,202618,2026,2,4,18,2026,1,28,0,0,0,0,20260428000000,20260428000000.0000000
2026-04-29 00:00:00.000000000,2026-04-29,20260429000000,20260429,2026,02,04,18,2026,02,29,00,00,00,20262,202604,202618,2026,2,4,18,2026,2,29,0,0,0,0,20260429000000,20260429000000.0000000
2026-04-30 00:00:00.000000000,2026-04-30,20260430000000,20260430,2026,02,04,18,2026,03,30,00,00,00,20262,202604,202618,2026,2,4,18,2026,3,30,0,0,0,1,20260430000000,20260430000000.0000000
2026-05-01 00:00:00.000000000,2026-05-01,20260501000000,20260501,2026,02,05,18,2026,04,01,00,00,00,20262,202605,202618,2026,2,5,18,2026,4,1,0,0,0,0,20260501000000,20260501000000.0000000
2026-05-02 00:00:00.000000000,2026-05-02,20260502000000,20260502,2026,02,05,18,2026,05,02,00,00,00,20262,202605,202618,2026,2,5,18,2026,5,2,0,0,0,0,20260502000000,20260502000000.0000000
2026-05-03 00:00:00.000000000,2026-05-03,20260503000000,20260503,2026,02,05,18,2026,06,03,00,00,00,20262,202605,202618,2026,2,5,18,2026,6,3,0,0,0,0,20260503000000,20260503000000.0000000
2026-05-04 00:00:00.000000000,2026-05-04,20260504000000,20260504,2026,02,05,19,2026,00,04,00,00,00,20262,202605,202619,2026,2,5,19,2026,0,4,0,0,0,0,20260504000000,20260504000000.0000000
2026-05-05 00:00:00.000000000,2026-05-05,20260505000000,20260505,2026,02,05,19,2026,01,05,00,00,00,20262,202605,202619,2026,2,5,19,2026,1,5,0,0,0,0,20260505000000,20260505000000.0000000
2026-05-06 00:00:00.000000000,2026-05-06,20260506000000,20260506,2026,02,05,19,2026,02,06,00,00,00,20262,202605,202619,2026,2,5,19,2026,2,6,0,0,0,0,20260506000000,20260506000000.0000000
2026-05-07 00:00:00.000000000,2026-05-07,20260507000000,20260507,2026,02,05,19,2026,03,07,00,00,00,20262,202605,202619,2026,2,5,19,2026,3,7,0,0,0,0,20260507000000,20260507000000.0000000
2026-05-08 00:00:00.000000000,2026-05-08,20260508000000,20260508,2026,02,05,19,2026,04,08,00,00,00,20262,202605,202619,2026,2,5,19,2026,4,8,0,0,0,0,20260508000000,20260508000000.0000000
2026-05-09 00:00:00.000000000,2026-05-09,20260509000000,20260509,2026,02,05,19,2026,05,09,00,00,00,20262,202605,202619,2026,2,5,19,2026,5,9,0,0,0,0,20260509000000,20260509000000.0000000
2026-05-10 00:00:00.000000000,2026-05-10,20260510000000,20260510,2026,02,05,19,2026,06,10,00,00,00,20262,202605,202619,2026,2,5,19,2026,6,10,0,0,0,0,20260510000000,20260510000000.0000000
2026-05-11 00:00:00.000000000,2026-05-11,20260511000000,20260511,2026,02,05,20,2026,00,11,00,00,00,20262,202605,202620,2026,2,5,20,2026,0,11,0,0,0,0,20260511000000,20260511000000.0000000
2026-05-12 00:00:00.000000000,2026-05-12,20260512000000,20260512,2026,02,05,20,2026,01,12,00,00,00,20262,202605,202620,2026,2,5,20,2026,1,12,0,0,0,0,20260512000000,20260512000000.0000000
2026-05-13 00:00:00.000000000,2026-05-13,20260513000000,20260513,2026,02,05,20,2026,02,13,00,00,00,20262,202605,202620,2026,2,5,20,2026,2,13,0,0,0,0,20260513000000,20260513000000.0000000
2026-05-14 00:00:00.000000000,2026-05-14,20260514000000,20260514,2026,02,05,20,2026,03,14,00,00,00,20262,202605,202620,2026,2,5,20,2026,3,14,0,0,0,0,20260514000000,20260514000000.0000000
2026-05-15 00:00:00.000000000,2026-05-15,20260515000000,20260515,2026,02,05,20,2026,04,15,00,00,00,20262,202605,202620,2026,2,5,20,2026,4,15,0,0,0,0,20260515000000,20260515000000.0000000
2026-05-16 00:00:00.000000000,2026-05-16,20260516000000,20260516,2026,02,05,20,2026,05,16,00,00,00,20262,202605,202620,2026,2,5,20,2026,5,16,0,0,0,0,20260516000000,20260516000000.0000000
2026-05-17 00:00:00.000000000,2026-05-17,20260517000000,20260517,2026,02,05,20,2026,06,17,00,00,00,20262,202605,202620,2026,2,5,20,2026,6,17,0,0,0,0,20260517000000,20260517000000.0000000
2026-05-18 00:00:00.000000000,2026-05-18,20260518000000,20260518,2026,02,05,21,2026,00,18,00,00,00,20262,202605,202621,2026,2,5,21,2026,0,18,0,0,0,0,20260518000000,20260518000000.0000000
2026-05-19 00:00:00.000000000,2026-05-19,20260519000000,20260519,2026,02,05,21,2026,01,19,00,00,00,20262,202605,202621,2026,2,5,21,2026,1,19,0,0,0,0,20260519000000,20260519000000.0000000
2026-05-20 00:00:00.000000000,2026-05-20,20260520000000,20260520,2026,02,05,21,2026,02,20,00,00,00,20262,202605,202621,2026,2,5,21,2026,2,20,0,0,0,0,20260520000000,20260520000000.0000000
2026-05-21 00:00:00.000000000,2026-05-21,20260521000000,20260521,2026,02,05,21,2026,03,21,00,00,00,20262,202605,202621,2026,2,5,21,2026,3,21,0,0,0,0,20260521000000,20260521000000.0000000
2026-05-22 00:00:00.000000000,2026-05-22,20260522000000,20260522,2026,02,05,21,2026,04,22,00,00,00,20262,202605,202621,2026,2,5,21,2026,4,22,0,0,0,0,20260522000000,20260522000000.0000000
2026-05-23 00:00:00.000000000,2026-05-23,20260523000000,20260523,2026,02,05,21,2026,05,23,00,00,00,20262,202605,202621,2026,2,5,21,2026,5,23,0,0,0,0,20260523000000,20260523000000.0000000
2026-05-24 00:00:00.000000000,2026-05-24,20260524000000,20260524,2026,02,05,21,2026,06,24,00,00,00,20262,202605,202621,2026,2,5,21,2026,6,24,0,0,0,0,20260524000000,20260524000000.0000000
2026-05-25 00:00:00.000000000,2026-05-25,20260525000000,20260525,2026,02,05,22,2026,00,25,00,00,00,20262,202605,202622,2026,2,5,22,2026,0,25,0,0,0,0,20260525000000,20260525000000.0000000
2026-05-26 00:00:00.000000000,2026-05-26,20260526000000,20260526,2026,02,05,22,2026,01,26,00,00,00,20262,202605,202622,2026,2,5,22,2026,1,26,0,0,0,0,20260526000000,20260526000000.0000000
2026-05-27 00:00:00.000000000,2026-05-27,20260527000000,20260527,2026,02,05,22,2026,02,27,00,00,00,20262,202605,202622,2026,2,5,22,2026,2,27,0,0,0,0,20260527000000,20260527000000.0000000
2026-05-28 00:00:00.000000000,2026-05-28,20260528000000,20260528,2026,02,05,22,2026,03,28,00,00,00,20262,202605,202622,2026,2,5,22,2026,3,28,0,0,0,0,20260528000000,20260528000000.0000000
2026-05-29 00:00:00.000000000,2026-05-29,20260529000000,20260529,2026,02,05,22,2026,04,29,00,00,00,20262,202605,202622,2026,2,5,22,2026,4,29,0,0,0,0,20260529000000,20260529000000.0000000
2026-05-30 00:00:00.000000000,2026-05-30,20260530000000,20260530,2026,02,05,22,2026,05,30,00,00,00,20262,202605,202622,2026,2,5,22,2026,5,30,0,0,0,0,20260530000000,20260530000000.0000000
2026-05-31 00:00:00.000000000,2026-05-31,20260531000000,20260531,2026,02,05,22,2026,06,31,00,00,00,20262,202605,202622,2026,2,5,22,2026,6,31,0,0,0,1,20260531000000,20260531000000.0000000
2026-06-01 00:00:00.000000000,2026-06-01,20260601000000,20260601,2026,02,06,23,2026,00,01,00,00,00,20262,202606,202623,2026,2,6,23,2026,0,1,0,0,0,0,20260601000000,20260601000000.0000000
2026-06-02 00:00:00.000000000,2026-06-02,20260602000000,20260602,2026,02,06,23,2026,01,02,00,00,00,20262,202606,202623,2026,2,6,23,2026,1,2,0,0,0,0,20260602000000,20260602000000.0000000
2026-06-03 00:00:00.000000000,2026-06-03,20260603000000,20260603,2026,02,06,23,2026,02,03,00,00,00,20262,202606,202623,2026,2,6,23,2026,2,3,0,0,0,0,20260603000000,20260603000000.0000000
2026-06-04 00:00:00.000000000,2026-06-04,20260604000000,20260604,2026,02,06,23,2026,03,04,00,00,00,20262,202606,202623,2026,2,6,23,2026,3,4,0,0,0,0,20260604000000,20260604000000.0000000
2026-06-05 00:00:00.000000000,2026-06-05,20260605000000,20260605,2026,02,06,23,2026,04,05,00,00,00,20262,202606,202623,2026,2,6,23,2026,4,5,0,0,0,0,20260605000000,20260605000000.0000000
2026-06-06 00:00:00.000000000,2026-06-06,20260606000000,20260606,2026,02,06,23,2026,05,06,00,00,00,20262,202606,202623,2026,2,6,23,2026,5,6,0,0,0,0,20260606000000,20260606000000.0000000
2026-06-07 00:00:00.000000000,2026-06-07,20260607000000,20260607,2026,02,06,23,2026,06,07,00,00,00,20262,202606,202623,2026,2,6,23,2026,6,7,0,0,0,0,20260607000000,20260607000000.0000000
2026-06-08 00:00:00.000000000,2026-06-08,20260608000000,20260608,2026,02,06,24,2026,00,08,00,00,00,20262,202606,202624,2026,2,6,24,2026,0,8,0,0,0,0,20260608000000,20260608000000.0000000
2026-06-09 00:00:00.000000000,2026-06-09,20260609000000,20260609,2026,02,06,24,2026,01,09,00,00,00,20262,202606,202624,2026,2,6,24,2026,1,9,0,0,0,0,20260609000000,20260609000000.0000000
2026-06-10 00:00:00.000000000,2026-06-10,20260610000000,20260610,2026,02,06,24,2026,02,10,00,00,00,20262,202606,202624,2026,2,6,24,2026,2,10,0,0,0,0,20260610000000,20260610000000.0000000
2026-06-11 00:00:00.000000000,2026-06-11,20260611000000,20260611,2026,02,06,24,2026,03,11,00,00,00,20262,202606,202624,2026,2,6,24,2026,3,11,0,0,0,0,20260611000000,20260611000000.0000000
2026-06-12 00:00:00.000000000,2026-06-12,20260612000000,20260612,2026,02,06,24,2026,04,12,00,00,00,20262,202606,202624,2026,2,6,24,2026,4,12,0,0,0,0,20260612000000,20260612000000.0000000
2026-06-13 00:00:00.000000000,2026-06-13,20260613000000,20260613,2026,02,06,24,2026,05,13,00,00,00,20262,202606,202624,2026,2,6,24,2026,5,13,0,0,0,0,20260613000000,20260613000000.0000000
2026-06-14 00:00:00.000000000,2026-06-14,20260614000000,20260614,2026,02,06,24,2026,06,14,00,00,00,20262,202606,202624,2026,2,6,24,2026,6,14,0,0,0,0,20260614000000,20260614000000.0000000
2026-06-15 00:00:00.000000000,2026-06-15,20260615000000,20260615,2026,02,06,25,2026,00,15,00,00,00,20262,202606,202625,2026,2,6,25,2026,0,15,0,0,0,0,20260615000000,20260615000000.0000000
2026-06-16 00:00:00.000000000,2026-06-16,20260616000000,20260616,2026,02,06,25,2026,01,16,00,00,00,20262,202606,202625,2026,2,6,25,2026,1,16,0,0,0,0,20260616000000,20260616000000.0000000
2026-06-17 00:00:00.000000000,2026-06-17,20260617000000,20260617,2026,02,06,25,2026,02,17,00,00,00,20262,202606,202625,2026,2,6,25,2026,2,17,0,0,0,0,20260617000000,20260617000000.0000000
2026-06-18 00:00:00.000000000,2026-06-18,20260618000000,20260618,2026,02,06,25,2026,03,18,00,00,00,20262,202606,202625,2026,2,6,25,2026,3,18,0,0,0,0,20260618000000,20260618000000.0000000
2026-06-19 00:00:00.000000000,2026-06-19,20260619000000,20260619,2026,02,06,25,2026,04,19,00,00,00,20262,202606,202625,2026,2,6,25,2026,4,19,0,0,0,0,20260619000000,20260619000000.0000000
2026-06-20 00:00:00.000000000,2026-06-20,20260620000000,20260620,2026,02,06,25,2026,05,20,00,00,00,20262,202606,202625,2026,2,6,25,2026,5,20,0,0,0,0,20260620000000,20260620000000.0000000
2026-06-21 00:00:00.000000000,2026-06-21,20260621000000,20260621,2026,02,06,25,2026,06,21,00,00,00,20262,202606,202625,2026,2,6,25,2026,6,21,0,0,0,0,20260621000000,20260621000000.0000000
2026-06-22 00:00:00.000000000,2026-06-22,20260622000000,20260622,2026,02,06,26,2026,00,22,00,00,00,20262,202606,202626,2026,2,6,26,2026,0,22,0,0,0,0,20260622000000,20260622000000.0000000
2026-06-23 00:00:00.000000000,2026-06-23,20260623000000,20260623,2026,02,06,26,2026,01,23,00,00,00,20262,202606,202626,2026,2,6,26,2026,1,23,0,0,0,0,20260623000000,20260623000000.0000000
2026-06-24 00:00:00.000000000,2026-06-24,20260624000000,20260624,2026,02,06,26,2026,02,24,00,00,00,20262,202606,202626,2026,2,6,26,2026,2,24,0,0,0,0,20260624000000,20260624000000.0000000
2026-06-25 00:00:00.000000000,2026-06-25,20260625000000,20260625,2026,02,06,26,2026,03,25,00,00,00,20262,202606,202626,2026,2,6,26,2026,3,25,0,0,0,0,20260625000000,20260625000000.0000000
2026-06-26 00:00:00.000000000,2026-06-26,20260626000000,20260626,2026,02,06,26,2026,04,26,00,00,00,20262,202606,202626,2026,2,6,26,2026,4,26,0,0,0,0,20260626000000,20260626000000.0000000
2026-06-27 00:00:00.000000000,2026-06-27,20260627000000,20260627,2026,02,06,26,2026,05,27,00,00,00,20262,202606,202626,2026,2,6,26,2026,5,27,0,0,0,0,20260627000000,20260627000000.0000000
2026-06-28 00:00:00.000000000,2026-06-28,20260628000000,20260628,2026,02,06,26,2026,06,28,00,00,00,20262,202606,202626,2026,2,6,26,2026,6,28,0,0,0,0,20260628000000,20260628000000.0000000
2026-06-29 00:00:00.000000000,2026-06-29,20260629000000,20260629,2026,02,06,27,2026,00,29,00,00,00,20262,202606,202627,2026,2,6,27,2026,0,29,0,0,0,0,20260629000000,20260629000000.0000000
2026-06-30 00:00:00.000000000,2026-06-30,20260630000000,20260630,2026,02,06,27,2026,01,30,00,00,00,20262,202606,202627,2026,2,6,27,2026,1,30,0,0,0,1,20260630000000,20260630000000.0000000
2026-07-01 00:00:00.000000000,2026-07-01,20260701000000,20260701,2026,03,07,27,2026,02,01,00,00,00,20263,202607,202627,2026,3,7,27,2026,2,1,0,0,0,0,20260701000000,20260701000000.0000000
2026-07-02 00:00:00.000000000,2026-07-02,20260702000000,20260702,2026,03,07,27,2026,03,02,00,00,00,20263,202607,202627,2026,3,7,27,2026,3,2,0,0,0,0,20260702000000,20260702000000.0000000
2026-07-03 00:00:00.000000000,2026-07-03,20260703000000,20260703,2026,03,07,27,2026,04,03,00,00,00,20263,202607,202627,2026,3,7,27,2026,4,3,0,0,0,0,20260703000000,20260703000000.0000000
2026-07-04 00:00:00.000000000,2026-07-04,20260704000000,20260704,2026,03,07,27,2026,05,04,00,00,00,20263,202607,202627,2026,3,7,27,2026,5,4,0,0,0,0,20260704000000,20260704000000.0000000
2026-07-05 00:00:00.000000000,2026-07-05,20260705000000,20260705,2026,03,07,27,2026,06,05,00,00,00,20263,202607,202627,2026,3,7,27,2026,6,5,0,0,0,0,20260705000000,20260705000000.0000000
2026-07-06 00:00:00.000000000,2026-07-06,20260706000000,20260706,2026,03,07,28,2026,00,06,00,00,00,20263,202607,202628,2026,3,7,28,2026,0,6,0,0,0,0,20260706000000,20260706000000.0000000
2026-07-07 00:00:00.000000000,2026-07-07,20260707000000,20260707,2026,03,07,28,2026,01,07,00,00,00,20263,202607,202628,2026,3,7,28,2026,1,7,0,0,0,0,20260707000000,20260707000000.0000000
2026-07-08 00:00:00.000000000,2026-07-08,20260708000000,20260708,2026,03,07,28,2026,02,08,00,00,00,20263,202607,202628,2026,3,7,28,2026,2,8,0,0,0,0,20260708000000,20260708000000.0000000
2026-07-09 00:00:00.000000000,2026-07-09,20260709000000,20260709,2026,03,07,28,2026,03,09,00,00,00,20263,202607,202628,2026,3,7,28,2026,3,9,0,0,0,0,20260709000000,20260709000000.0000000
2026-07-10 00:00:00.000000000,2026-07-10,20260710000000,20260710,2026,03,07,28,2026,04,10,00,00,00,20263,202607,202628,2026,3,7,28,2026,4,10,0,0,0,0,20260710000000,20260710000000.0000000
2026-07-11 00:00:00.000000000,2026-07-11,20260711000000,20260711,2026,03,07,28,2026,05,11,00,00,00,20263,202607,202628,2026,3,7,28,2026,5,11,0,0,0,0,20260711000000,20260711000000.0000000
2026-07-12 00:00:00.000000000,2026-07-12,20260712000000,20260712,2026,03,07,28,2026,06,12,00,00,00,20263,202607,202628,2026,3,7,28,2026,6,12,0,0,0,0,20260712000000,20260712000000.0000000
2026-07-13 00:00:00.000000000,2026-07-13,20260713000000,20260713,2026,03,07,29,2026,00,13,00,00,00,20263,202607,202629,2026,3,7,29,2026,0,13,0,0,0,0,20260713000000,20260713000000.0000000
2026-07-14 00:00:00.000000000,2026-07-14,20260714000000,20260714,2026,03,07,29,2026,01,14,00,00,00,20263,202607,202629,2026,3,7,29,2026,1,14,0,0,0,0,20260714000000,20260714000000.0000000
2026-07-15 00:00:00.000000000,2026-07-15,20260715000000,20260715,2026,03,07,29,2026,02,15,00,00,00,20263,202607,202629,2026,3,7,29,2026,2,15,0,0,0,0,20260715000000,20260715000000.0000000
2026-07-16 00:00:00.000000000,2026-07-16,20260716000000,20260716,2026,03,07,29,2026,03,16,00,00,00,20263,202607,202629,2026,3,7,29,2026,3,16,0,0,0,0,20260716000000,20260716000000.0000000
2026-07-17 00:00:00.000000000,2026-07-17,20260717000000,20260717,2026,03,07,29,2026,04,17,00,00,00,20263,202607,202629,2026,3,7,29,2026,4,17,0,0,0,0,20260717000000,20260717000000.0000000
2026-07-18 00:00:00.000000000,2026-07-18,20260718000000,20260718,2026,03,07,29,2026,05,18,00,00,00,20263,202607,202629,2026,3,7,29,2026,5,18,0,0,0,0,20260718000000,20260718000000.0000000
2026-07-19 00:00:00.000000000,2026-07-19,20260719000000,20260719,2026,03,07,29,2026,06,19,00,00,00,20263,202607,202629,2026,3,7,29,2026,6,19,0,0,0,0,20260719000000,20260719000000.0000000
2026-07-20 00:00:00.000000000,2026-07-20,20260720000000,20260720,2026,03,07,30,2026,00,20,00,00,00,20263,202607,202630,2026,3,7,30,2026,0,20,0,0,0,0,20260720000000,20260720000000.0000000
2026-07-21 00:00:00.000000000,2026-07-21,20260721000000,20260721,2026,03,07,30,2026,01,21,00,00,00,20263,202607,202630,2026,3,7,30,2026,1,21,0,0,0,0,20260721000000,20260721000000.0000000
2026-07-22 00:00:00.000000000,2026-07-22,20260722000000,20260722,2026,03,07,30,2026,02,22,00,00,00,20263,202607,202630,2026,3,7,30,2026,2,22,0,0,0,0,20260722000000,20260722000000.0000000
2026-07-23 00:00:00.000000000,2026-07-23,20260723000000,20260723,2026,03,07,30,2026,03,23,00,00,00,20263,202607,202630,2026,3,7,30,2026,3,23,0,0,0,0,20260723000000,20260723000000.0000000
2026-07-24 00:00:00.000000000,2026-07-24,20260724000000,20260724,2026,03,07,30,2026,04,24,00,00,00,20263,202607,202630,2026,3,7,30,2026,4,24,0,0,0,0,20260724000000,20260724000000.0000000
2026-07-25 00:00:00.000000000,2026-07-25,20260725000000,20260725,2026,03,07,30,2026,05,25,00,00,00,20263,202607,202630,2026,3,7,30,2026,5,25,0,0,0,0,20260725000000,20260725000000.0000000
2026-07-26 00:00:00.000000000,2026-07-26,20260726000000,20260726,2026,03,07,30,2026,06,26,00,00,00,20263,202607,202630,2026,3,7,30,2026,6,26,0,0,0,0,20260726000000,20260726000000.0000000
2026-07-27 00:00:00.000000000,2026-07-27,20260727000000,20260727,2026,03,07,31,2026,00,27,00,00,00,20263,202607,202631,2026,3,7,31,2026,0,27,0,0,0,0,20260727000000,20260727000000.0000000
2026-07-28 00:00:00.000000000,2026-07-28,20260728000000,20260728,2026,03,07,31,2026,01,28,00,00,00,20263,202607,202631,2026,3,7,31,2026,1,28,0,0,0,0,20260728000000,20260728000000.0000000
2026-07-29 00:00:00.000000000,2026-07-29,20260729000000,20260729,2026,03,07,31,2026,02,29,00,00,00,20263,202607,202631,2026,3,7,31,2026,2,29,0,0,0,0,20260729000000,20260729000000.0000000
2026-07-30 00:00:00.000000000,2026-07-30,20260730000000,20260730,2026,03,07,31,2026,03,30,00,00,00,20263,202607,202631,2026,3,7,31,2026,3,30,0,0,0,0,20260730000000,20260730000000.0000000
2026-07-31 00:00:00.000000000,2026-07-31,20260731000000,20260731,2026,03,07,31,2026,04,31,00,00,00,20263,202607,202631,2026,3,7,31,2026,4,31,0,0,0,1,20260731000000,20260731000000.0000000
2026-08-01 00:00:00.000000000,2026-08-01,20260801000000,20260801,2026,03,08,31,2026,05,01,00,00,00,20263,202608,202631,2026,3,8,31,2026,5,1,0,0,0,0,20260801000000,20260801000000.0000000
2026-08-02 00:00:00.000000000,2026-08-02,20260802000000,20260802,2026,03,08,31,2026,06,02,00,00,00,20263,202608,202631,2026,3,8,31,2026,6,2,0,0,0,0,20260802000000,20260802000000.0000000
2026-08-03 00:00:00.000000000,2026-08-03,20260803000000,20260803,2026,03,08,32,2026,00,03,00,00,00,20263,202608,202632,2026,3,8,32,2026,0,3,0,0,0,0,20260803000000,20260803000000.0000000
2026-08-04 00:00:00.000000000,2026-08-04,20260804000000,20260804,2026,03,08,32,2026,01,04,00,00,00,20263,202608,202632,2026,3,8,32,2026,1,4,0,0,0,0,20260804000000,20260804000000.0000000
2026-08-05 00:00:00.000000000,2026-08-05,20260805000000,20260805,2026,03,08,32,2026,02,05,00,00,00,20263,202608,202632,2026,3,8,32,2026,2,5,0,0,0,0,20260805000000,20260805000000.0000000
2026-08-06 00:00:00.000000000,2026-08-06,20260806000000,20260806,2026,03,08,32,2026,03,06,00,00,00,20263,202608,202632,2026,3,8,32,2026,3,6,0,0,0,0,20260806000000,20260806000000.0000000
2026-08-07 00:00:00.000000000,2026-08-07,20260807000000,20260807,2026,03,08,32,2026,04,07,00,00,00,20263,202608,202632,2026,3,8,32,2026,4,7,0,0,0,0,20260807000000,20260807000000.0000000
2026-08-08 00:00:00.000000000,2026-08-08,20260808000000,20260808,2026,03,08,32,2026,05,08,00,00,00,20263,202608,202632,2026,3,8,32,2026,5,8,0,0,0,0,20260808000000,20260808000000.0000000
2026-08-09 00:00:00.000000000,2026-08-09,20260809000000,20260809,2026,03,08,32,2026,06,09,00,00,00,20263,202608,202632,2026,3,8,32,2026,6,9,0,0,0,0,20260809000000,20260809000000.0000000
2026-08-10 00:00:00.000000000,2026-08-10,20260810000000,20260810,2026,03,08,33,2026,00,10,00,00,00,20263,202608,202633,2026,3,8,33,2026,0,10,0,0,0,0,20260810000000,20260810000000.0000000
2026-08-11 00:00:00.000000000,2026-08-11,20260811000000,20260811,2026,03,08,33,2026,01,11,00,00,00,20263,202608,202633,2026,3,8,33,2026,1,11,0,0,0,0,20260811000000,20260811000000.0000000
2026-08-12 00:00:00.000000000,2026-08-12,20260812000000,20260812,2026,03,08,33,2026,02,12,00,00,00,20263,202608,202633,2026,3,8,33,2026,2,12,0,0,0,0,20260812000000,20260812000000.0000000
2026-08-13 00:00:00.000000000,2026-08-13,20260813000000,20260813,2026,03,08,33,2026,03,13,00,00,00,20263,202608,202633,2026,3,8,33,2026,3,13,0,0,0,0,20260813000000,20260813000000.0000000
2026-08-14 00:00:00.000000000,2026-08-14,20260814000000,20260814,2026,03,08,33,2026,04,14,00,00,00,20263,202608,202633,2026,3,8,33,2026,4,14,0,0,0,0,20260814000000,20260814000000.0000000
2026-08-15 00:00:00.000000000,2026-08-15,20260815000000,20260815,2026,03,08,33,2026,05,15,00,00,00,20263,202608,202633,2026,3,8,33,2026,5,15,0,0,0,0,20260815000000,20260815000000.0000000
2026-08-16 00:00:00.000000000,2026-08-16,20260816000000,20260816,2026,03,08,33,2026,06,16,00,00,00,20263,202608,202633,2026,3,8,33,2026,6,16,0,0,0,0,20260816000000,20260816000000.0000000
2026-08-17 00:00:00.000000000,2026-08-17,20260817000000,20260817,2026,03,08,34,2026,00,17,00,00,00,20263,202608,202634,2026,3,8,34,2026,0,17,0,0,0,0,20260817000000,20260817000000.0000000
2026-08-18 00:00:00.000000000,2026-08-18,20260818000000,20260818,2026,03,08,34,2026,01,18,00,00,00,20263,202608,202634,2026,3,8,34,2026,1,18,0,0,0,0,20260818000000,20260818000000.0000000
2026-08-19 00:00:00.000000000,2026-08-19,20260819000000,20260819,2026,03,08,34,2026,02,19,00,00,00,20263,202608,202634,2026,3,8,34,2026,2,19,0,0,0,0,20260819000000,20260819000000.0000000
2026-08-20 00:00:00.000000000,2026-08-20,20260820000000,20260820,2026,03,08,34,2026,03,20,00,00,00,20263,202608,202634,2026,3,8,34,2026,3,20,0,0,0,0,20260820000000,20260820000000.0000000
2026-08-21 00:00:00.000000000,2026-08-21,20260821000000,20260821,2026,03,08,34,2026,04,21,00,00,00,20263,202608,202634,2026,3,8,34,2026,4,21,0,0,0,0,20260821000000,20260821000000.0000000
2026-08-22 00:00:00.000000000,2026-08-22,20260822000000,20260822,2026,03,08,34,2026,05,22,00,00,00,20263,202608,202634,2026,3,8,34,2026,5,22,0,0,0,0,20260822000000,20260822000000.0000000
2026-08-23 00:00:00.000000000,2026-08-23,20260823000000,20260823,2026,03,08,34,2026,06,23,00,00,00,20263,202608,202634,2026,3,8,34,2026,6,23,0,0,0,0,20260823000000,20260823000000.0000000
2026-08-24 00:00:00.000000000,2026-08-24,20260824000000,20260824,2026,03,08,35,2026,00,24,00,00,00,20263,202608,202635,2026,3,8,35,2026,0,24,0,0,0,0,20260824000000,20260824000000.0000000
2026-08-25 00:00:00.000000000,2026-08-25,20260825000000,20260825,2026,03,08,35,2026,01,25,00,00,00,20263,202608,202635,2026,3,8,35,2026,1,25,0,0,0,0,20260825000000,20260825000000.0000000
2026-08-26 00:00:00.000000000,2026-08-26,20260826000000,20260826,2026,03,08,35,2026,02,26,00,00,00,20263,202608,202635,2026,3,8,35,2026,2,26,0,0,0,0,20260826000000,20260826000000.0000000
2026-08-27 00:00:00.000000000,2026-08-27,20260827000000,20260827,2026,03,08,35,2026,03,27,00,00,00,20263,202608,202635,2026,3,8,35,2026,3,27,0,0,0,0,20260827000000,20260827000000.0000000
2026-08-28 00:00:00.000000000,2026-08-28,20260828000000,20260828,2026,03,08,35,2026,04,28,00,00,00,20263,202608,202635,2026,3,8,35,2026,4,28,0,0,0,0,20260828000000,20260828000000.0000000
2026-08-29 00:00:00.000000000,2026-08-29,20260829000000,20260829,2026,03,08,35,2026,05,29,00,00,00,20263,202608,202635,2026,3,8,35,2026,5,29,0,0,0,0,20260829000000,20260829000000.0000000
2026-08-30 00:00:00.000000000,2026-08-30,20260830000000,20260830,2026,03,08,35,2026,06,30,00,00,00,20263,202608,202635,2026,3,8,35,2026,6,30,0,0,0,0,20260830000000,20260830000000.0000000
2026-08-31 00:00:00.000000000,2026-08-31,20260831000000,20260831,2026,03,08,36,2026,00,31,00,00,00,20263,202608,202636,2026,3,8,36,2026,0,31,0,0,0,1,20260831000000,20260831000000.0000000
2026-09-01 00:00:00.000000000,2026-09-01,20260901000000,20260901,2026,03,09,36,2026,01,01,00,00,00,20263,202609,202636,2026,3,9,36,2026,1,1,0,0,0,0,20260901000000,20260901000000.0000000
2026-09-02 00:00:00.000000000,2026-09-02,20260902000000,20260902,2026,03,09,36,2026,02,02,00,00,00,20263,202609,202636,2026,3,9,36,2026,2,2,0,0,0,0,20260902000000,20260902000000.0000000
2026-09-03 00:00:00.000000000,2026-09-03,20260903000000,20260903,2026,03,09,36,2026,03,03,00,00,00,20263,202609,202636,2026,3,9,36,2026,3,3,0,0,0,0,20260903000000,20260903000000.0000000
2026-09-04 00:00:00.000000000,2026-09-04,20260904000000,20260904,2026,03,09,36,2026,04,04,00,00,00,20263,202609,202636,2026,3,9,36,2026,4,4,0,0,0,0,20260904000000,20260904000000.0000000
2026-09-05 00:00:00.000000000,2026-09-05,20260905000000,20260905,2026,03,09,36,2026,05,05,00,00,00,20263,202609,202636,2026,3,9,36,2026,5,5,0,0,0,0,20260905000000,20260905000000.0000000
2026-09-06 00:00:00.000000000,2026-09-06,20260906000000,20260906,2026,03,09,36,2026,06,06,00,00,00,20263,202609,202636,2026,3,9,36,2026,6,6,0,0,0,0,20260906000000,20260906000000.0000000
2026-09-07 00:00:00.000000000,2026-09-07,20260907000000,20260907,2026,03,09,37,2026,00,07,00,00,00,20263,202609,202637,2026,3,9,37,2026,0,7,0,0,0,0,20260907000000,20260907000000.0000000
2026-09-08 00:00:00.000000000,2026-09-08,20260908000000,20260908,2026,03,09,37,2026,01,08,00,00,00,20263,202609,202637,2026,3,9,37,2026,1,8,0,0,0,0,20260908000000,20260908000000.0000000
2026-09-09 00:00:00.000000000,2026-09-09,20260909000000,20260909,2026,03,09,37,2026,02,09,00,00,00,20263,202609,202637,2026,3,9,37,2026,2,9,0,0,0,0,20260909000000,20260909000000.0000000
2026-09-10 00:00:00.000000000,2026-09-10,20260910000000,20260910,2026,03,09,37,2026,03,10,00,00,00,20263,202609,202637,2026,3,9,37,2026,3,10,0,0,0,0,20260910000000,20260910000000.0000000
2026-09-11 00:00:00.000000000,2026-09-11,20260911000000,20260911,2026,03,09,37,2026,04,11,00,00,00,20263,202609,202637,2026,3,9,37,2026,4,11,0,0,0,0,20260911000000,20260911000000.0000000
2026-09-12 00:00:00.000000000,2026-09-12,20260912000000,20260912,2026,03,09,37,2026,05,12,00,00,00,20263,202609,202637,2026,3,9,37,2026,5,12,0,0,0,0,20260912000000,20260912000000.0000000
2026-09-13 00:00:00.000000000,2026-09-13,20260913000000,20260913,2026,03,09,37,2026,06,13,00,00,00,20263,202609,202637,2026,3,9,37,2026,6,13,0,0,0,0,20260913000000,20260913000000.0000000
2026-09-14 00:00:00.000000000,2026-09-14,20260914000000,20260914,2026,03,09,38,2026,00,14,00,00,00,20263,202609,202638,2026,3,9,38,2026,0,14,0,0,0,0,20260914000000,20260914000000.0000000
2026-09-15 00:00:00.000000000,2026-09-15,20260915000000,20260915,2026,03,09,38,2026,01,15,00,00,00,20263,202609,202638,2026,3,9,38,2026,1,15,0,0,0,0,20260915000000,20260915000000.0000000
2026-09-16 00:00:00.000000000,2026-09-16,20260916000000,20260916,2026,03,09,38,2026,02,16,00,00,00,20263,202609,202638,2026,3,9,38,2026,2,16,0,0,0,0,20260916000000,20260916000000.0000000
2026-09-17 00:00:00.000000000,2026-09-17,20260917000000,20260917,2026,03,09,38,2026,03,17,00,00,00,20263,202609,202638,2026,3,9,38,2026,3,17,0,0,0,0,20260917000000,20260917000000.0000000
2026-09-18 00:00:00.000000000,2026-09-18,20260918000000,20260918,2026,03,09,38,2026,04,18,00,00,00,20263,202609,202638,2026,3,9,38,2026,4,18,0,0,0,0,20260918000000,20260918000000.0000000
2026-09-19 00:00:00.000000000,2026-09-19,20260919000000,20260919,2026,03,09,38,2026,05,19,00,00,00,20263,202609,202638,2026,3,9,38,2026,5,19,0,0,0,0,20260919000000,20260919000000.0000000
2026-09-20 00:00:00.000000000,2026-09-20,20260920000000,20260920,2026,03,09,38,2026,06,20,00,00,00,20263,202609,202638,2026,3,9,38,2026,6,20,0,0,0,0,20260920000000,20260920000000.0000000
2026-09-21 00:00:00.000000000,2026-09-21,20260921000000,20260921,2026,03,09,39,2026,00,21,00,00,00,20263,202609,202639,2026,3,9,39,2026,0,21,0,0,0,0,20260921000000,20260921000000.0000000
2026-09-22 00:00:00.000000000,2026-09-22,20260922000000,20260922,2026,03,09,39,2026,01,22,00,00,00,20263,202609,202639,2026,3,9,39,2026,1,22,0,0,0,0,20260922000000,20260922000000.0000000
2026-09-23 00:00:00.000000000,2026-09-23,20260923000000,20260923,2026,03,09,39,2026,02,23,00,00,00,20263,202609,202639,2026,3,9,39,2026,2,23,0,0,0,0,20260923000000,20260923000000.0000000
2026-09-24 00:00:00.000000000,2026-09-24,20260924000000,20260924,2026,03,09,39,2026,03,24,00,00,00,20263,202609,202639,2026,3,9,39,2026,3,24,0,0,0,0,20260924000000,20260924000000.0000000
2026-09-25 00:00:00.000000000,2026-09-25,20260925000000,20260925,2026,03,09,39,2026,04,25,00,00,00,20263,202609,202639,2026,3,9,39,2026,4,25,0,0,0,0,20260925000000,20260925000000.0000000
2026-09-26 00:00:00.000000000,2026-09-26,20260926000000,20260926,2026,03,09,39,2026,05,26,00,00,00,20263,202609,202639,2026,3,9,39,2026,5,26,0,0,0,0,20260926000000,20260926000000.0000000
2026-09-27 00:00:00.000000000,2026-09-27,20260927000000,20260927,2026,03,09,39,2026,06,27,00,00,00,20263,202609,202639,2026,3,9,39,2026,6,27,0,0,0,0,20260927000000,20260927000000.0000000
2026-09-28 00:00:00.000000000,2026-09-28,20260928000000,20260928,2026,03,09,40,2026,00,28,00,00,00,20263,202609,202640,2026,3,9,40,2026,0,28,0,0,0,0,20260928000000,20260928000000.0000000
2026-09-29 00:00:00.000000000,2026-09-29,20260929000000,20260929,2026,03,09,40,2026,01,29,00,00,00,20263,202609,202640,2026,3,9,40,2026,1,29,0,0,0,0,20260929000000,20260929000000.0000000
2026-09-30 00:00:00.000000000,2026-09-30,20260930000000,20260930,2026,03,09,40,2026,02,30,00,00,00,20263,202609,202640,2026,3,9,40,2026,2,30,0,0,0,1,20260930000000,20260930000000.0000000
2026-10-01 00:00:00.000000000,2026-10-01,20261001000000,20261001,2026,04,10,40,2026,03,01,00,00,00,20264,202610,202640,2026,4,10,40,2026,3,1,0,0,0,0,20261001000000,20261001000000.0000000
2026-10-02 00:00:00.000000000,2026-10-02,20261002000000,20261002,2026,04,10,40,2026,04,02,00,00,00,20264,202610,202640,2026,4,10,40,2026,4,2,0,0,0,0,20261002000000,20261002000000.0000000
2026-10-03 00:00:00.000000000,2026-10-03,20261003000000,20261003,2026,04,10,40,2026,05,03,00,00,00,20264,202610,202640,2026,4,10,40,2026,5,3,0,0,0,0,20261003000000,20261003000000.0000000
2026-10-04 00:00:00.000000000,2026-10-04,20261004000000,20261004,2026,04,10,40,2026,06,04,00,00,00,20264,202610,202640,2026,4,10,40,2026,6,4,0,0,0,0,20261004000000,20261004000000.0000000
2026-10-05 00:00:00.000000000,2026-10-05,20261005000000,20261005,2026,04,10,41,2026,00,05,00,00,00,20264,202610,202641,2026,4,10,41,2026,0,5,0,0,0,0,20261005000000,20261005000000.0000000
2026-10-06 00:00:00.000000000,2026-10-06,20261006000000,20261006,2026,04,10,41,2026,01,06,00,00,00,20264,202610,202641,2026,4,10,41,2026,1,6,0,0,0,0,20261006000000,20261006000000.0000000
2026-10-07 00:00:00.000000000,2026-10-07,20261007000000,20261007,2026,04,10,41,2026,02,07,00,00,00,20264,202610,202641,2026,4,10,41,2026,2,7,0,0,0,0,20261007000000,20261007000000.0000000
2026-10-08 00:00:00.000000000,2026-10-08,20261008000000,20261008,2026,04,10,41,2026,03,08,00,00,00,20264,202610,202641,2026,4,10,41,2026,3,8,0,0,0,0,20261008000000,20261008000000.0000000
2026-10-09 00:00:00.000000000,2026-10-09,20261009000000,20261009,2026,04,10,41,2026,04,09,00,00,00,20264,202610,202641,2026,4,10,41,2026,4,9,0,0,0,0,20261009000000,20261009000000.0000000
2026-10-10 00:00:00.000000000,2026-10-10,20261010000000,20261010,2026,04,10,41,2026,05,10,00,00,00,20264,202610,202641,2026,4,10,41,2026,5,10,0,0,0,0,20261010000000,20261010000000.0000000
2026-10-11 00:00:00.000000000,2026-10-11,20261011000000,20261011,2026,04,10,41,2026,06,11,00,00,00,20264,202610,202641,2026,4,10,41,2026,6,11,0,0,0,0,20261011000000,20261011000000.0000000
2026-10-12 00:00:00.000000000,2026-10-12,20261012000000,20261012,2026,04,10,42,2026,00,12,00,00,00,20264,202610,202642,2026,4,10,42,2026,0,12,0,0,0,0,20261012000000,20261012000000.0000000
2026-10-13 00:00:00.000000000,2026-10-13,20261013000000,20261013,2026,04,10,42,2026,01,13,00,00,00,20264,202610,202642,2026,4,10,42,2026,1,13,0,0,0,0,20261013000000,20261013000000.0000000
2026-10-14 00:00:00.000000000,2026-10-14,20261014000000,20261014,2026,04,10,42,2026,02,14,00,00,00,20264,202610,202642,2026,4,10,42,2026,2,14,0,0,0,0,20261014000000,20261014000000.0000000
2026-10-15 00:00:00.000000000,2026-10-15,20261015000000,20261015,2026,04,10,42,2026,03,15,00,00,00,20264,202610,202642,2026,4,10,42,2026,3,15,0,0,0,0,20261015000000,20261015000000.0000000
2026-10-16 00:00:00.000000000,2026-10-16,20261016000000,20261016,2026,04,10,42,2026,04,16,00,00,00,20264,202610,202642,2026,4,10,42,2026,4,16,0,0,0,0,20261016000000,20261016000000.0000000
2026-10-17 00:00:00.000000000,2026-10-17,20261017000000,20261017,2026,04,10,42,2026,05,17,00,00,00,20264,202610,202642,2026,4,10,42,2026,5,17,0,0,0,0,20261017000000,20261017000000.0000000
2026-10-18 00:00:00.000000000,2026-10-18,20261018000000,20261018,2026,04,10,42,2026,06,18,00,00,00,20264,202610,202642,2026,4,10,42,2026,6,18,0,0,0,0,20261018000000,20261018000000.0000000
2026-10-19 00:00:00.000000000,2026-10-19,20261019000000,20261019,2026,04,10,43,2026,00,19,00,00,00,20264,202610,202643,2026,4,10,43,2026,0,19,0,0,0,0,20261019000000,20261019000000.0000000
2026-10-20 00:00:00.000000000,2026-10-20,20261020000000,20261020,2026,04,10,43,2026,01,20,00,00,00,20264,202610,202643,2026,4,10,43,2026,1,20,0,0,0,0,20261020000000,20261020000000.0000000
2026-10-21 00:00:00.000000000,2026-10-21,20261021000000,20261021,2026,04,10,43,2026,02,21,00,00,00,20264,202610,202643,2026,4,10,43,2026,2,21,0,0,0,0,20261021000000,20261021000000.0000000
2026-10-22 00:00:00.000000000,2026-10-22,20261022000000,20261022,2026,04,10,43,2026,03,22,00,00,00,20264,202610,202643,2026,4,10,43,2026,3,22,0,0,0,0,20261022000000,20261022000000.0000000
2026-10-23 00:00:00.000000000,2026-10-23,20261023000000,20261023,2026,04,10,43,2026,04,23,00,00,00,20264,202610,202643,2026,4,10,43,2026,4,23,0,0,0,0,20261023000000,20261023000000.0000000
2026-10-24 00:00:00.000000000,2026-10-24,20261024000000,20261024,2026,04,10,43,2026,05,24,00,00,00,20264,202610,202643,2026,4,10,43,2026,5,24,0,0,0,0,20261024000000,20261024000000.0000000
2026-10-25 00:00:00.000000000,2026-10-25,20261025000000,20261025,2026,04,10,43,2026,06,25,00,00,00,20264,202610,202643,2026,4,10,43,2026,6,25,0,0,0,0,20261025000000,20261025000000.0000000
2026-10-26 00:00:00.000000000,2026-10-26,20261026000000,20261026,2026,04,10,44,2026,00,26,00,00,00,20264,202610,202644,2026,4,10,44,2026,0,26,0,0,0,0,20261026000000,20261026000000.0000000
2026-10-27 00:00:00.000000000,2026-10-27,20261027000000,20261027,2026,04,10,44,2026,01,27,00,00,00,20264,202610,202644,2026,4,10,44,2026,1,27,0,0,0,0,20261027000000,20261027000000.0000000
2026-10-28 00:00:00.000000000,2026-10-28,20261028000000,20261028,2026,04,10,44,2026,02,28,00,00,00,20264,202610,202644,2026,4,10,44,2026,2,28,0,0,0,0,20261028000000,20261028000000.0000000
2026-10-29 00:00:00.000000000,2026-10-29,20261029000000,20261029,2026,04,10,44,2026,03,29,00,00,00,20264,202610,202644,2026,4,10,44,2026,3,29,0,0,0,0,20261029000000,20261029000000.0000000
2026-10-30 00:00:00.000000000,2026-10-30,20261030000000,20261030,2026,04,10,44,2026,04,30,00,00,00,20264,202610,202644,2026,4,10,44,2026,4,30,0,0,0,0,20261030000000,20261030000000.0000000
2026-10-31 00:00:00.000000000,2026-10-31,20261031000000,20261031,2026,04,10,44,2026,05,31,00,00,00,20264,202610,202644,2026,4,10,44,2026,5,31,0,0,0,1,20261031000000,20261031000000.0000000
2026-11-01 00:00:00.000000000,2026-11-01,20261101000000,20261101,2026,04,11,44,2026,06,01,00,00,00,20264,202611,202644,2026,4,11,44,2026,6,1,0,0,0,0,20261101000000,20261101000000.0000000
2026-11-02 00:00:00.000000000,2026-11-02,20261102000000,20261102,2026,04,11,45,2026,00,02,00,00,00,20264,202611,202645,2026,4,11,45,2026,0,2,0,0,0,0,20261102000000,20261102000000.0000000
2026-11-03 00:00:00.000000000,2026-11-03,20261103000000,20261103,2026,04,11,45,2026,01,03,00,00,00,20264,202611,202645,2026,4,11,45,2026,1,3,0,0,0,0,20261103000000,20261103000000.0000000
2026-11-04 00:00:00.000000000,2026-11-04,20261104000000,20261104,2026,04,11,45,2026,02,04,00,00,00,20264,202611,202645,2026,4,11,45,2026,2,4,0,0,0,0,20261104000000,20261104000000.0000000
2026-11-05 00:00:00.000000000,2026-11-05,20261105000000,20261105,2026,04,11,45,2026,03,05,00,00,00,20264,202611,202645,2026,4,11,45,2026,3,5,0,0,0,0,20261105000000,20261105000000.0000000
2026-11-06 00:00:00.000000000,2026-11-06,20261106000000,20261106,2026,04,11,45,2026,04,06,00,00,00,20264,202611,202645,2026,4,11,45,2026,4,6,0,0,0,0,20261106000000,20261106000000.0000000
2026-11-07 00:00:00.000000000,2026-11-07,20261107000000,20261107,2026,04,11,45,2026,05,07,00,00,00,20264,202611,202645,2026,4,11,45,2026,5,7,0,0,0,0,20261107000000,20261107000000.0000000
2026-11-08 00:00:00.000000000,2026-11-08,20261108000000,20261108,2026,04,11,45,2026,06,08,00,00,00,20264,202611,202645,2026,4,11,45,2026,6,8,0,0,0,0,20261108000000,20261108000000.0000000
2026-11-09 00:00:00.000000000,2026-11-09,20261109000000,20261109,2026,04,11,46,2026,00,09,00,00,00,20264,202611,202646,2026,4,11,46,2026,0,9,0,0,0,0,20261109000000,20261109000000.0000000
2026-11-10 00:00:00.000000000,2026-11-10,20261110000000,20261110,2026,04,11,46,2026,01,10,00,00,00,20264,202611,202646,2026,4,11,46,2026,1,10,0,0,0,0,20261110000000,20261110000000.0000000
2026-11-11 00:00:00.000000000,2026-11-11,20261111000000,20261111,2026,04,11,46,2026,02,11,00,00,00,20264,202611,202646,2026,4,11,46,2026,2,11,0,0,0,0,20261111000000,20261111000000.0000000
2026-11-12 00:00:00.000000000,2026-11-12,20261112000000,20261112,2026,04,11,46,2026,03,12,00,00,00,20264,202611,202646,2026,4,11,46,2026,3,12,0,0,0,0,20261112000000,20261112000000.0000000
2026-11-13 00:00:00.000000000,2026-11-13,20261113000000,20261113,2026,04,11,46,2026,04,13,00,00,00,20264,202611,202646,2026,4,11,46,2026,4,13,0,0,0,0,20261113000000,20261113000000.0000000
2026-11-14 00:00:00.000000000,2026-11-14,20261114000000,20261114,2026,04,11,46,2026,05,14,00,00,00,20264,202611,202646,2026,4,11,46,2026,5,14,0,0,0,0,20261114000000,20261114000000.0000000
2026-11-15 00:00:00.000000000,2026-11-15,20261115000000,20261115,2026,04,11,46,2026,06,15,00,00,00,20264,202611,202646,2026,4,11,46,2026,6,15,0,0,0,0,20261115000000,20261115000000.0000000
2026-11-16 00:00:00.000000000,2026-11-16,20261116000000,20261116,2026,04,11,47,2026,00,16,00,00,00,20264,202611,202647,2026,4,11,47,2026,0,16,0,0,0,0,20261116000000,20261116000000.0000000
2026-11-17 00:00:00.000000000,2026-11-17,20261117000000,20261117,2026,04,11,47,2026,01,17,00,00,00,20264,202611,202647,2026,4,11,47,2026,1,17,0,0,0,0,20261117000000,20261117000000.0000000
2026-11-18 00:00:00.000000000,2026-11-18,20261118000000,20261118,2026,04,11,47,2026,02,18,00,00,00,20264,202611,202647,2026,4,11,47,2026,2,18,0,0,0,0,20261118000000,20261118000000.0000000
2026-11-19 00:00:00.000000000,2026-11-19,20261119000000,20261119,2026,04,11,47,2026,03,19,00,00,00,20264,202611,202647,2026,4,11,47,2026,3,19,0,0,0,0,20261119000000,20261119000000.0000000
2026-11-20 00:00:00.000000000,2026-11-20,20261120000000,20261120,2026,04,11,47,2026,04,20,00,00,00,20264,202611,202647,2026,4,11,47,2026,4,20,0,0,0,0,20261120000000,20261120000000.0000000
2026-11-21 00:00:00.000000000,2026-11-21,20261121000000,20261121,2026,04,11,47,2026,05,21,00,00,00,20264,202611,202647,2026,4,11,47,2026,5,21,0,0,0,0,20261121000000,20261121000000.0000000
2026-11-22 00:00:00.000000000,2026-11-22,20261122000000,20261122,2026,04,11,47,2026,06,22,00,00,00,20264,202611,202647,2026,4,11,47,2026,6,22,0,0,0,0,20261122000000,20261122000000.0000000
2026-11-23 00:00:00.000000000,2026-11-23,20261123000000,20261123,2026,04,11,48,2026,00,23,00,00,00,20264,202611,202648,2026,4,11,48,2026,0,23,0,0,0,0,20261123000000,20261123000000.0000000
2026-11-24 00:00:00.000000000,2026-11-24,20261124000000,20261124,2026,04,11,48,2026,01,24,00,00,00,20264,202611,202648,2026,4,11,48,2026,1,24,0,0,0,0,20261124000000,20261124000000.0000000
2026-11-25 00:00:00.000000000,2026-11-25,20261125000000,20261125,2026,04,11,48,2026,02,25,00,00,00,20264,202611,202648,2026,4,11,48,2026,2,25,0,0,0,0,20261125000000,20261125000000.0000000
2026-11-26 00:00:00.000000000,2026-11-26,20261126000000,20261126,2026,04,11,48,2026,03,26,00,00,00,20264,202611,202648,2026,4,11,48,2026,3,26,0,0,0,0,20261126000000,20261126000000.0000000
2026-11-27 00:00:00.000000000,2026-11-27,20261127000000,20261127,2026,04,11,48,2026,04,27,00,00,00,20264,202611,202648,2026,4,11,48,2026,4,27,0,0,0,0,20261127000000,20261127000000.0000000
2026-11-28 00:00:00.000000000,2026-11-28,20261128000000,20261128,2026,04,11,48,2026,05,28,00,00,00,20264,202611,202648,2026,4,11,48,2026,5,28,0,0,0,0,20261128000000,20261128000000.0000000
2026-11-29 00:00:00.000000000,2026-11-29,20261129000000,20261129,2026,04,11,48,2026,06,29,00,00,00,20264,202611,202648,2026,4,11,48,2026,6,29,0,0,0,0,20261129000000,20261129000000.0000000
2026-11-30 00:00:00.000000000,2026-11-30,20261130000000,20261130,2026,04,11,49,2026,00,30,00,00,00,20264,202611,202649,2026,4,11,49,2026,0,30,0,0,0,1,20261130000000,20261130000000.0000000
2026-12-01 00:00:00.000000000,2026-12-01,20261201000000,20261201,2026,04,12,49,2026,01,01,00,00,00,20264,202612,202649,2026,4,12,49,2026,1,1,0,0,0,0,20261201000000,20261201000000.0000000
2026-12-02 00:00:00.000000000,2026-12-02,20261202000000,20261202,2026,04,12,49,2026,02,02,00,00,00,20264,202612,202649,2026,4,12,49,2026,2,2,0,0,0,0,20261202000000,20261202000000.0000000
2026-12-03 00:00:00.000000000,2026-12-03,20261203000000,20261203,2026,04,12,49,2026,03,03,00,00,00,20264,202612,202649,2026,4,12,49,2026,3,3,0,0,0,0,20261203000000,20261203000000.0000000
2026-12-04 00:00:00.000000000,2026-12-04,20261204000000,20261204,2026,04,12,49,2026,04,04,00,00,00,20264,202612,202649,2026,4,12,49,2026,4,4,0,0,0,0,20261204000000,20261204000000.0000000
2026-12-05 00:00:00.000000000,2026-12-05,20261205000000,20261205,2026,04,12,49,2026,05,05,00,00,00,20264,202612,202649,2026,4,12,49,2026,5,5,0,0,0,0,20261205000000,20261205000000.0000000
2026-12-06 00:00:00.000000000,2026-12-06,20261206000000,20261206,2026,04,12,49,2026,06,06,00,00,00,20264,202612,202649,2026,4,12,49,2026,6,6,0,0,0,0,20261206000000,20261206000000.0000000
2026-12-07 00:00:00.000000000,2026-12-07,20261207000000,20261207,2026,04,12,50,2026,00,07,00,00,00,20264,202612,202650,2026,4,12,50,2026,0,7,0,0,0,0,20261207000000,20261207000000.0000000
2026-12-08 00:00:00.000000000,2026-12-08,20261208000000,20261208,2026,04,12,50,2026,01,08,00,00,00,20264,202612,202650,2026,4,12,50,2026,1,8,0,0,0,0,20261208000000,20261208000000.0000000
2026-12-09 00:00:00.000000000,2026-12-09,20261209000000,20261209,2026,04,12,50,2026,02,09,00,00,00,20264,202612,202650,2026,4,12,50,2026,2,9,0,0,0,0,20261209000000,20261209000000.0000000
2026-12-10 00:00:00.000000000,2026-12-10,20261210000000,20261210,2026,04,12,50,2026,03,10,00,00,00,20264,202612,202650,2026,4,12,50,2026,3,10,0,0,0,0,20261210000000,20261210000000.0000000
2026-12-11 00:00:00.000000000,2026-12-11,20261211000000,20261211,2026,04,12,50,2026,04,11,00,00,00,20264,202612,202650,2026,4,12,50,2026,4,11,0,0,0,0,20261211000000,20261211000000.0000000
2026-12-12 00:00:00.000000000,2026-12-12,20261212000000,20261212,2026,04,12,50,2026,05,12,00,00,00,20264,202612,202650,2026,4,12,50,2026,5,12,0,0,0,0,20261212000000,20261212000000.0000000
2026-12-13 00:00:00.000000000,2026-12-13,20261213000000,20261213,2026,04,12,50,2026,06,13,00,00,00,20264,202612,202650,2026,4,12,50,2026,6,13,0,0,0,0,20261213000000,20261213000000.0000000
2026-12-14 00:00:00.000000000,2026-12-14,20261214000000,20261214,2026,04,12,51,2026,00,14,00,00,00,20264,202612,202651,2026,4,12,51,2026,0,14,0,0,0,0,20261214000000,20261214000000.0000000
2026-12-15 00:00:00.000000000,2026-12-15,20261215000000,20261215,2026,04,12,51,2026,01,15,00,00,00,20264,202612,202651,2026,4,12,51,2026,1,15,0,0,0,0,20261215000000,20261215000000.0000000
2026-12-16 00:00:00.000000000,2026-12-16,20261216000000,20261216,2026,04,12,51,2026,02,16,00,00,00,20264,202612,202651,2026,4,12,51,2026,2,16,0,0,0,0,20261216000000,20261216000000.0000000
2026-12-17 00:00:00.000000000,2026-12-17,20261217000000,20261217,2026,04,12,51,2026,03,17,00,00,00,20264,202612,202651,2026,4,12,51,2026,3,17,0,0,0,0,20261217000000,20261217000000.0000000
2026-12-18 00:00:00.000000000,2026-12-18,20261218000000,20261218,2026,04,12,51,2026,04,18,00,00,00,20264,202612,202651,2026,4,12,51,2026,4,18,0,0,0,0,20261218000000,20261218000000.0000000
2026-12-19 00:00:00.000000000,2026-12-19,20261219000000,20261219,2026,04,12,51,2026,05,19,00,00,00,20264,202612,202651,2026,4,12,51,2026,5,19,0,0,0,0,20261219000000,20261219000000.0000000
2026-12-20 00:00:00.000000000,2026-12-20,20261220000000,20261220,2026,04,12,51,2026,06,20,00,00,00,20264,202612,202651,2026,4,12,51,2026,6,20,0,0,0,0,20261220000000,20261220000000.0000000
2026-12-21 00:00:00.000000000,2026-12-21,20261221000000,20261221,2026,04,12,52,2026,00,21,00,00,00,20264,202612,202652,2026,4,12,52,2026,0,21,0,0,0,0,20261221000000,20261221000000.0000000
2026-12-22 00:00:00.000000000,2026-12-22,20261222000000,20261222,2026,04,12,52,2026,01,22,00,00,00,20264,202612,202652,2026,4,12,52,2026,1,22,0,0,0,0,20261222000000,20261222000000.0000000
2026-12-23 00:00:00.000000000,2026-12-23,20261223000000,20261223,2026,04,12,52,2026,02,23,00,00,00,20264,202612,202652,2026,4,12,52,2026,2,23,0,0,0,0,20261223000000,20261223000000.0000000
2026-12-24 00:00:00.000000000,2026-12-24,20261224000000,20261224,2026,04,12,52,2026,03,24,00,00,00,20264,202612,202652,2026,4,12,52,2026,3,24,0,0,0,0,20261224000000,20261224000000.0000000
2026-12-25 00:00:00.000000000,2026-12-25,20261225000000,20261225,2026,04,12,52,2026,04,25,00,00,00,20264,202612,202652,2026,4,12,52,2026,4,25,0,0,0,0,20261225000000,20261225000000.0000000
2026-12-26 00:00:00.000000000,2026-12-26,20261226000000,20261226,2026,04,12,52,2026,05,26,00,00,00,20264,202612,202652,2026,4,12,52,2026,5,26,0,0,0,0,20261226000000,20261226000000.0000000
2026-12-27 00:00:00.000000000,2026-12-27,20261227000000,20261227,2026,04,12,52,2026,06,27,00,00,00,20264,202612,202652,2026,4,12,52,2026,6,27,0,0,0,0,20261227000000,20261227000000.0000000
2026-12-28 00:00:00.000000000,2026-12-28,20261228000000,20261228,2026,04,12,53,2026,00,28,00,00,00,20264,202612,202653,2026,4,12,53,2026,0,28,0,0,0,0,20261228000000,20261228000000.0000000
2026-12-29 00:00:00.000000000,2026-12-29,20261229000000,20261229,2026,04,12,53,2026,01,29,00,00,00,20264,202612,202653,2026,4,12,53,2026,1,29,0,0,0,0,20261229000000,20261229000000.0000000
2026-12-30 00:00:00.000000000,2026-12-30,20261230000000,20261230,2026,04,12,53,2026,02,30,00,00,00,20264,202612,202653,2026,4,12,53,2026,2,30,0,0,0,0,20261230000000,20261230000000.0000000
2026-12-31 00:00:00.000000000,2026-12-31,20261231000000,20261231,2026,04,12,53,2026,03,31,00,00,00,20264,202612,202653,2026,4,12,53,2026,3,31,0,0,0,1,20261231000000,20261231000000.0000000